{"112": {"name": "kitkat", "price": 10, "quantity": 150, "category": "chololate", "discount(%)": 20, "expire": 0.0012363996043521265}, "113": {"name": "coacola", "price": 45, "quantity": 100, "category": "drinks", "discount(%)": 20, "expire": 0.0012363996043521265}, "114": {"name": "lays", "price": 20, "quantity": 200, "category": "chips", "discount(%)": 20, "expire": 0.0012363996043521265}, "115": {"name": "doritos", "price": 20, "quantity": 200, "category": "chips", "discount(%)": 20, "expire": 0.0012363996043521265}, "116": {"name": "kurkure", "price": 20, "quantity": 200, "category": "chips", "discount(%)": 20, "expire": 0.0012363996043521265}, "117": {"name": "green lays", "price": 20, "quantity": 200, "category": "chips", "discount(%)": 20, "expire": 0.0012363996043521265}, "118": {"name": "fanta", "price": 20, "quantity": 200, "category": "drinks", "discount(%)": 20, "expire": 0.0012363996043521265}, "119": {"name": "thums up", "price": 20, "quantity": 200, "category": "drinks", "discount(%)": 20, "expire": 0.0012363996043521265}, "120": {"name": "deo", "price": 20, "quantity": 200, "category": "drinks", "discount(%)": 20, "expire": 0.0012363996043521265}, "121": {"name": "mazza", "price": 20, "quantity": 200, "category": "drinks", "discount(%)": 20, "expire": 0.0012363996043521265}, "122": {"name": "apply fzz", "price": 20, "quantity": 200, "category": "drinks", "discount(%)": 20, "expire": 0.0012363996043521265}, "123": {"name": "5 star", "price": 20, "quantity": 200, "category": "chocolate", "discount(%)": 20, "expire": 0.0012363996043521265}, "124": {"name": "dairy milk", "price": 20, "quantity": 200, "category": "chocolate", "discount(%)": 20, "expire": 0.0012363996043521265}, "125": {"name": "milk choco", "price": 20, "quantity": 200, "category": "chocolate", "discount(%)": 20, "expire": 0.0012363996043521265}, "126": {"name": "eclairs", "price": 20, "quantity": 200, "category": "chocolate", "discount(%)": 20, "expire": 0.0012363996043521265}, "127": {"name": "munch", "price": 20, "quantity": 200, "category": "chocolate", "discount(%)": 20, "expire": 0.0012363996043521265}, "128": {"name": "silk", "price": 20, "quantity": 200, "category": "chocolate", "discount(%)": 20, "expire": 0.0012363996043521265}, "129": {"name": "Dark chololate", "price": 20, "quantity": 200, "category": "chocolate", "discount(%)": 20, "expire": 0.0012363996043521265}, "130": {"name": "pringles", "price": 20, "quantity": 200, "category": "chips", "discount(%)": 20, "expire": 0.0012363996043521265}, "131": {"name": "balaji chips", "price": 20, "quantity": 200, "category": "drinks", "discount(%)": 20, "expire": 0.0012363996043521265}, "132": {"name": "uncle chipa", "price": 20, "quantity": 200, "category": "drinks", "discount(%)": 20, "expire": 0.0012363996043521265}, "133": {"name": "aam panna", "price": 20, "quantity": 200, "category": "chips", "discount(%)": 20, "expire": 0.0012363996043521265}, "134": {"name": "chaach", "price": 20, "quantity": 200, "category": "chips", "discount(%)": 20, "expire": 0.0012363996043521265}, "135": {"name": "lassi", "price": 20, "quantity": 200, "category": "drinks", "discount(%)": 20, "expire": 0.0012363996043521265}, "136": {"name": "limca", "price": 20, "quantity": 200, "category": "drinks", "discount(%)": 20, "expire": 0.0012363996043521265}, "137": {"name": "mirinda", "price": 20, "quantity": 200, "category": "drinks", "discount(%)": 20, "expire": 0.0012363996043521265}, "138": {"name": "7up", "price": 20, "quantity": 200, "category": "drinks", "discount(%)": 20, "expire": 0.0012363996043521265}, "139": {"name": "frooti", "price": 20, "quantity": 200, "category": "drinks", "discount(%)": 20, "expire": 0.0012363996043521265}, "140": {"name": "slice", "price": 20, "quantity": 200, "category": "drinks", "discount(%)": 20, "expire": 0.0012363996043521265}, "141": {"name": "sprite", "price": 20, "quantity": 200, "category": "drinks", "discount(%)": 20, "expire": 0.0012363996043521265}}